Workbook

Sheet Summary
A1: Option | B1: 1st Year | D1: From 2nd Year | F1: Total 1 Year | H1: Total 2 Years | J1: Total 3 Years | L1: Total 5 Years | N1: Total 8 Years
B2: OR | C2: IR | D2: OR | E2: IR | F2: OR | G2: IR | H2: OR | I2: IR | J2: OR | K2: IR | L2: OR | M2: IR | N2: OR | O2: IR
A3: A - 1 ( RDS * 1 ) | B3: =OR!F19 -> 108445.07 | C3: =OR!F22 -> 100555.55 | D3: =OR!F25 -> 108290.52 | E3: =IR!F22 -> 100401 | F3: =B3 -> 108445.07 | G3: =C3 -> 100555.55 | H3: =B3+D3*1 -> 216735.58 | I3: =C3+E3*1 -> 200956.54 | J3: =B3+D3*2 -> 325026.1 | K3: =C3+E3*2 -> 301357.54 | L3: =B3+D3*4 -> 541607.14 | M3: =C3+E3*4 -> 502159.54 | N3: =B3+D3*7 -> 866478.69 | O3: =C3+E3*7 -> 803362.53
A4: A - 2 ( RDS * 4 ) | B4: =OR!K19 -> 154925.15 | C4: =OR!K22 -> 147035.63 | D4: =OR!K25 -> 154770.6 | E4: =IR!K22 -> 146881.08 | F4: =B4 -> 154925.15 | G4: =C4 -> 147035.63 | H4: =B4+D4*1 -> 309695.74 | I4: =C4+E4*1 -> 293916.7 | J4: =B4+D4*2 -> 464466.34 | K4: =C4+E4*2 -> 440797.78 | L4: =B4+D4*4 -> 774007.54 | M4: =C4+E4*4 -> 734559.94 | N4: =B4+D4*7 -> 1238319.3 | O4: =C4+E4*7 -> 1175203.2
A5: B - 1 ( EC2 BYOL *1 ) | B5: =OR!P19 -> 72872.386 | C5: =OR!P22 -> 63089.866 | D5: =OR!P25 -> 53691.837 | E5: =IR!P22 -> 43909.317 | F5: =B5 -> 72872.386 | G5: =C5 -> 63089.866 | H5: =B5+D5*1 -> 126564.22 | I5: =C5+E5*1 -> 106999.18 | J5: =B5+D5*2 -> 180256.06 | K5: =C5+E5*2 -> 150908.5 | L5: =B5+D5*4 -> 287639.74 | M5: =C5+E5*4 -> 238727.14 | N5: =B5+D5*7 -> 448715.25 | O5: =C5+E5*7 -> 370455.09
A6: B - 2 ( EC2 with AWS SQL * 1 ) | B6: =OR!U19 -> 62255.986 | C6: =OR!U22 -> 52473.466 | D6: =OR!U25 -> 62101.437 | E6: =IR!U22 -> 52318.917 | F6: =B6 -> 62255.986 | G6: =C6 -> 52473.466 | H6: =B6+D6*1 -> 124357.42 | I6: =C6+E6*1 -> 104792.38 | J6: =B6+D6*2 -> 186458.86 | K6: =C6+E6*2 -> 157111.3 | L6: =B6+D6*4 -> 310661.74 | M6: =C6+E6*4 -> 261749.14 | N6: =B6+D6*7 -> 496966.05 | O6: =C6+E6*7 -> 418705.89
A11: REMARK
A12: A - 1 : 1 RDS with high performanc supports 4 countries
A13: A - 2 : 4 RDS with low performance supports 4 countries separately
A14: B - 1 : 1 EC2 without SQL Server license ( which S1 bring own license ) supports 4 countries
A15: B - 2 : 1 EC2 with SQL Server license from AWS supports 4 countries

Sheet OR
B1: Plan A - 1 | G1: Plan A - 2 | L1: Plan B - 1 | Q1: Plan B - 2
A2: 项目 Item | B2: 配置 Configuration | C2: 单价/月 Unit Cost/Month | D2: 数量 Qty. | E2: 月成本（USD） Cost / Month (USD) | F2: 年成本（USD） Cost / Year (USD) | G2: 配置 Configuration | H2: 单价/月 Unit Cost/Month | I2: 数量 Qty. | J2: 月成本（USD） Cost / Month (USD) | K2: 年成本（USD） Cost / Year (USD) | L2: 配置 Configuration | M2: 单价/月 Unit Cost/Month | N2: 数量 Qty. | O2: 月成本（USD） Cost / Month (USD) | P2: 年成本（USD） Cost / Year (USD) | Q2: 配置 Configuration | R2: 单价/月 Unit Cost/Month | S2: 数量 Qty. | T2: 月成本（USD） Cost / Month (USD) | U2: 年成本（USD） Cost / Year (USD)
A3: External Line Bandwidth | B3: Elastic Load Balancing - ALB Layer 7 （开启WAF：19个规则，1个ACL，每月3000万的求） | C3: 64.657215 | D3: 1 | E3: 64.657215 | F3: 775.88658 | G3: Elastic Load Balancing - ALB Layer 7 （开启WAF：19个规则，1个ACL，每月3000万的求） | H3: 64.657215 | I3: 1 | J3: 64.657215 | K3: 775.88658 | L3: Elastic Load Balancing - ALB Layer 7 （开启WAF：19个规则，1个ACL，每月3000万的求） | M3: 64.657215 | N3: 1 | O3: 64.657215 | P3: 775.88658 | Q3: Elastic Load Balancing - ALB Layer 7 （开启WAF：19个规则，1个ACL，每月3000万的求） | R3: 64.657215 | S3: 1 | T3: 64.657215 | U3: 775.88658
A4: Gateway - NAT | C4: 186.89581 | D4: 1 | E4: 186.89581 | F4: 2242.7497 | H4: 186.89581 | I4: 1 | J4: 186.89581 | K4: 2242.7497 | M4: 186.89581 | N4: 1 | O4: 186.89581 | P4: 2242.7497 | R4: 186.89581 | S4: 1 | T4: 186.89581 | U4: 2242.7497
A5: FSx - Storage | B5: 多可用区域部署 / SSD | C5: 966.4744 | D5: 1 | E5: 966.4744 | F5: 11597.693 | G5: 多可用区域部署 / SSD | H5: 966.4744 | I5: 1 | J5: 966.4744 | K5: 11597.693 | L5: 多可用区域部署 / SSD | M5: 966.4744 | N5: 1 | O5: 966.4744 | P5: 11597.693 | Q5: 多可用区域部署 / SSD | R5: 966.4744 | S5: 1 | T5: 966.4744 | U5: 11597.693
A6: S3 - Storage | B6: S3 Glacier Instant Retrieval | C6: 9.8623624 | D6: 1 | E6: 9.8623624 | F6: 118.34835 | G6: S3 Glacier Instant Retrieval | H6: 9.8623624 | I6: 1 | J6: 9.8623624 | K6: 118.34835 | L6: S3 Glacier Instant Retrieval | M6: 9.8623624 | N6: 1 | O6: 9.8623624 | P6: 118.34835 | Q6: S3 Glacier Instant Retrieval | R6: 9.8623624 | S6: 1 | T6: 9.8623624 | U6: 118.34835
A7: AWS Systems Manager | B7: On-Premises Instance Management（启用标准吞吐量API交互）； Parameter Store（标准实例套餐） | C7: 0 | D7: 1 | E7: 0 | F7: 0 | G7: On-Premises Instance Management（启用标准吞吐量API交互）； Parameter Store（标准实例套餐） | H7: 0 | I7: 1 | J7: 0 | K7: 0 | L7: On-Premises Instance Management（启用标准吞吐量API交互）； Parameter Store（标准实例套餐） | M7: 0 | N7: 1 | O7: 0 | P7: 0 | Q7: On-Premises Instance Management（启用标准吞吐量API交互）； Parameter Store（标准实例套餐） | R7: 0 | S7: 1 | T7: 0 | U7: 0
A8: Server | B8: Nginx（c7i.large|2v|4G|128G） | C8: 99.66 | D8: 2 | E8: =C8*D8 -> 199.32 | F8: =E8*12 -> 2391.84 | G8: Nginx（c7i.large|2v|4G|128G） | H8: 99.66 | I8: 2 | J8: =H8*I8 -> 199.32 | K8: =J8*12 -> 2391.84 | L8: Nginx（c7i.large|2v|4G|128G） | M8: 99.66 | N8: 2 | O8: =M8*N8 -> 199.32 | P8: =O8*12 -> 2391.84 | Q8: Nginx（c7i.large|2v|4G|128G） | R8: 99.66 | S8: 2 | T8: =R8*S8 -> 199.32 | U8: =T8*12 -> 2391.84
B9: AD（c7i.large|2v|4G|200G） | C9: 177.73 | D9: 2 | E9: =C9*D9 -> 355.46 | F9: =E9*12 -> 4265.52 | G9: AD（c7i.large|2v|4G|200G） | H9: 177.73 | I9: 2 | J9: =H9*I9 -> 355.46 | K9: =J9*12 -> 4265.52 | L9: AD（c7i.large|2v|4G|200G） | M9: 177.73 | N9: 2 | O9: =M9*N9 -> 355.46 | P9: =O9*12 -> 4265.52 | Q9: AD（c7i.large|2v|4G|200G） | R9: 177.73 | S9: 2 | T9: =R9*S9 -> 355.46 | U9: =T9*12 -> 4265.52
B10: Web Server（r7i.large|4v|32G|1T） | C10: 528.69 | D10: 2 | E10: =C10*D10 -> 1057.38 | F10: =E10*12 -> 12688.56 | G10: Web Server（r7i.large|4v|32G|1T） | H10: 528.69 | I10: 2 | J10: =H10*I10 -> 1057.38 | K10: =J10*12 -> 12688.56 | L10: Web Server（r7i.large|4v|32G|1T） | M10: 528.69 | N10: 2 | O10: =M10*N10 -> 1057.38 | P10: =O10*12 -> 12688.56 | Q10: Web Server（r7i.large|4v|32G|1T） | R10: 528.69 | S10: 2 | T10: =R10*S10 -> 1057.38 | U10: =T10*12 -> 12688.56
B11: RDS with SQL Server（db.m5.2xlarge|8v|32G|1T|4000IOPS|Always On|SQL2022标准版） | C11: 5380.56 | D11: 1 | E11: =C11*D11 -> 5380.56 | F11: =E11*12 -> 64566.72 | G11: RDS with SQL Server（db.m5.xlarge|4v|16G|200GB|1000IOPS|Always On|SQL2022标准版） | H11: 2311.9 | I11: 4 | J11: =H11*I11 -> 9247.6 | K11: =J11*12 -> 110971.2 | L11: MS SQL Server（r7i.2xlarge|8v|64G|1T） | M11: 830.67 | N11: 1 | O11: =M11*N11 -> 830.67 | P11: =O11*12 -> 9968.04 | Q11: MS SQL Server（r7i.2xlarge|8v|64G|1T|包含SQL2022标准版许可） | R11: 1531.47 | S11: 1 | T11: =R11*S11 -> 1531.47 | U11: =T11*12 -> 18377.64
B12: Job Server（m7i.large|4v|16G|256G） | C12: 202.37 | D12: 1 | E12: =C12*D12 -> 202.37 | F12: =E12*12 -> 2428.44 | G12: Job Server（m7i.large|4v|16G|256G） | H12: 202.37 | I12: 1 | J12: =H12*I12 -> 202.37 | K12: =J12*12 -> 2428.44 | L12: Job Server（m7i.large|4v|16G|256G） | M12: 202.37 | N12: 1 | O12: =M12*N12 -> 202.37 | P12: =O12*12 -> 2428.44 | Q12: Job Server（m7i.large|4v|16G|256G） | R12: 202.37 | S12: 1 | T12: =R12*S12 -> 202.37 | U12: =T12*12 -> 2428.44
B13: Redis（m5.large|2v|6.38G|） | C13: 143.81 | D13: 1 | E13: =C13*D13 -> 143.81 | F13: =E13*12 -> 1725.72 | G13: Redis（m5.large|2v|6.38G|） | H13: 143.81 | I13: 1 | J13: =H13*I13 -> 143.81 | K13: =J13*12 -> 1725.72 | L13: Redis（m5.large|2v|6.38G|） | M13: 143.81 | N13: 1 | O13: =M13*N13 -> 143.81 | P13: =O13*12 -> 1725.72 | Q13: Redis（m5.large|2v|6.38G|） | R13: 143.81 | S13: 1 | T13: =R13*S13 -> 143.81 | U13: =T13*12 -> 1725.72
B14: CloudWatch | C14: 0.3 | D14: 56 | E14: =C14*D14 -> 16.8 | F14: =E14*12 -> 201.6 | G14: CloudWatch | H14: 0.3 | I14: 77 | J14: 23.1 | K14: =J14*12 -> 277.2 | L14: CloudWatch | M14: 0.3 | N14: 56 | O14: =M14*N14 -> 16.8 | P14: =O14*12 -> 201.6 | Q14: CloudWatch | R14: 0.3 | S14: 56 | T14: =R14*S14 -> 16.8 | U14: 201.6
A15: Other | B15: License ：SQL Server 2022 standard （one time cost） | C15: 0 | D15: 0 | E15: 0 | F15: 0 | G15: License ：SQL Server 2022 standard （one time cost） | H15: 0 | I15: 0 | J15: 0 | K15: 0 | L15: License ：SQL Server 2022 standard （one time cost） | M15: 19026 | N15: 1 | O15: 19026 | P15: 19026 | Q15: License ：SQL Server 2022 standard （one time cost） | R15: 0 | S15: 0 | T15: 0 | U15: 0
B16: System Domain Name & SSL | C16: 495.64 | D16: 3 | E16: 1486.92 | F16: 4460.76 | G16: System Domain Name & SSL | H16: 495.64 | I16: 3 | J16: 1486.92 | K16: 4460.76 | L16: System Domain Name & SSL | M16: 495.64 | N16: 3 | O16: 1486.92 | P16: 4460.76 | Q16: System Domain Name & SSL | R16: 495.64 | S16: 3 | T16: 1486.92 | U16: 4460.76
B17: Short link Domain Name & Email | C17: 826.68 | D17: 1 | E17: 826.68 | F17: 826.68 | G17: Short link Domain Name & Email | H17: 826.68 | I17: 1 | J17: 826.68 | K17: 826.68 | L17: Short link Domain Name & Email | M17: 826.68 | N17: 1 | O17: 826.68 | P17: 826.68 | Q17: Short link Domain Name & Email | R17: 826.68 | S17: 1 | T17: 826.68 | U17: 826.68
B18: Initiation Training traffic | C18: 154.54893 | D18: 1 | E18: 154.54893 | F18: 154.54893 | G18: Initiation Training traffic | H18: 154.54893 | I18: 1 | J18: 154.54893 | K18: 154.54893 | L18: Initiation Training traffic | M18: 154.54893 | N18: 1 | O18: 154.54893 | P18: 154.54893 | Q18: Initiation Training traffic | R18: 154.54893 | S18: 1 | T18: 154.54893 | U18: 154.54893
A19: OR | E19: TTL | F19: =SUM(F3:F18) -> 108445.07 | J19: TTL | K19: =SUM(K3:K18) -> 154925.15 | O19: TTL | P19: =SUM(P3:P18) -> 72872.386 | T19: TTL | U19: =SUM(U3:U18) -> 62255.986
E20: DB | F20: =F11 -> 64566.72 | J20: DB | K20: =K11 -> 110971.2 | O20: DB | P20: =P11 -> 9968.04 | T20: DB | U20: =U11 -> 18377.64
E21: TTL without DB | F21: =F19-F11 -> 43878.346 | J21: TTL without DB | K21: =K19-K11 -> 43953.946 | O21: TTL without DB | P21: =P19-P11 -> 62904.346 | T21: TTL without DB | U21: =U19-U11 -> 43878.346
A22: IR | E22: TTL | F22: =IR!F19 -> 100555.55 | J22: TTL | K22: =IR!K19 -> 147035.63 | O22: TTL | P22: =IR!P19 -> 63089.866 | T22: TTL | U22: =IR!U19 -> 52473.466
E23: DB | F23: =IR!F20 -> 64566.72 | J23: DB | K23: =IR!K20 -> 110971.2 | O23: DB | P23: =IR!P20 -> 8075.04 | T23: DB | U23: =IR!U20 -> 16484.64
E24: TTL without DB | F24: =IR!F21 -> 35988.826 | J24: TTL without DB | K24: =IR!K21 -> 36064.426 | O24: TTL without DB | P24: =IR!P21 -> 55014.826 | T24: TTL without DB | U24: =IR!U21 -> 35988.826
A25: OR - 2nd year | E25: TTL | F25: =F19-F15-F18 -> 108290.52 | J25: TTL | K25: =K19-K15-K18 -> 154770.6 | O25: TTL | P25: =P19-P15-P18 -> 53691.837 | T25: TTL | U25: =U19-U15-U18 -> 62101.437
E26: DB | F26: =F11 -> 64566.72 | J26: DB | K26: =K11 -> 110971.2 | O26: DB | P26: =P11 -> 9968.04 | T26: DB | U26: =U11 -> 18377.64
E27: TTL without DB | F27: =F25-F26 -> 43723.797 | J27: TTL without DB | K27: =K25-K26 -> 43799.397 | O27: TTL without DB | P27: =P25-P26 -> 43723.797 | T27: TTL without DB | U27: =U25-U26 -> 43723.797

Sheet IR
B1: Plan A - 1 | G1: Plan A - 2 | L1: Plan B - 1 | Q1: Plan B - 2
A2: 项目 Item | B2: 配置 Configuration | C2: 单价/月 Unit Cost/Month | D2: 数量 Qty. | E2: 月成本（USD） Cost / Month (USD) | F2: 年成本（USD） Cost / Year (USD) | G2: 配置 Configuration | H2: 单价/月 Unit Cost/Month | I2: 数量 Qty. | J2: 月成本（USD） Cost / Month (USD) | K2: 年成本（USD） Cost / Year (USD) | L2: 配置 Configuration | M2: 单价/月 Unit Cost/Month | N2: 数量 Qty. | O2: 月成本（USD） Cost / Month (USD) | P2: 年成本（USD） Cost / Year (USD) | Q2: 配置 Configuration | R2: 单价/月 Unit Cost/Month | S2: 数量 Qty. | T2: 月成本（USD） Cost / Month (USD) | U2: 年成本（USD） Cost / Year (USD)
A3: External Line Bandwidth | B3: Elastic Load Balancing - ALB Layer 7 （开启WAF：19个规则，1个ACL，每月3000万的求） | C3: 64.657215 | D3: 1 | E3: 64.657215 | F3: 775.88658 | G3: Elastic Load Balancing - ALB Layer 7 （开启WAF：19个规则，1个ACL，每月3000万的求） | H3: 64.657215 | I3: 1 | J3: 64.657215 | K3: 775.88658 | L3: Elastic Load Balancing - ALB Layer 7 （开启WAF：19个规则，1个ACL，每月3000万的求） | M3: 64.657215 | N3: 1 | O3: 64.657215 | P3: 775.88658 | Q3: Elastic Load Balancing - ALB Layer 7 （开启WAF：19个规则，1个ACL，每月3000万的求） | R3: 64.657215 | S3: 1 | T3: 64.657215 | U3: 775.88658
A4: Gateway - NAT | C4: 186.89581 | D4: 1 | E4: 186.89581 | F4: 2242.7497 | H4: 186.89581 | I4: 1 | J4: 186.89581 | K4: 2242.7497 | M4: 186.89581 | N4: 1 | O4: 186.89581 | P4: 2242.7497 | R4: 186.89581 | S4: 1 | T4: 186.89581 | U4: 2242.7497
A5: FSx - Storage | B5: 多可用区域部署 / SSD | C5: 966.4744 | D5: 1 | E5: 966.4744 | F5: 11597.693 | G5: 多可用区域部署 / SSD | H5: 966.4744 | I5: 1 | J5: 966.4744 | K5: 11597.693 | L5: 多可用区域部署 / SSD | M5: 966.4744 | N5: 1 | O5: 966.4744 | P5: 11597.693 | Q5: 多可用区域部署 / SSD | R5: 966.4744 | S5: 1 | T5: 966.4744 | U5: 11597.693
A6: S3 - Storage | B6: S3 Glacier Instant Retrieval | C6: 9.8623624 | D6: 1 | E6: 9.8623624 | F6: 118.34835 | G6: S3 Glacier Instant Retrieval | H6: 9.8623624 | I6: 1 | J6: 9.8623624 | K6: 118.34835 | L6: S3 Glacier Instant Retrieval | M6: 9.8623624 | N6: 1 | O6: 9.8623624 | P6: 118.34835 | Q6: S3 Glacier Instant Retrieval | R6: 9.8623624 | S6: 1 | T6: 9.8623624 | U6: 118.34835
A7: AWS Systems Manager | B7: On-Premises Instance Management（启用标准吞吐量API交互）； Parameter Store（标准实例套餐） | C7: 0 | D7: 1 | E7: 0 | F7: 0 | G7: On-Premises Instance Management（启用标准吞吐量API交互）； Parameter Store（标准实例套餐） | H7: 0 | I7: 1 | J7: 0 | K7: 0 | L7: On-Premises Instance Management（启用标准吞吐量API交互）； Parameter Store（标准实例套餐） | M7: 0 | N7: 1 | O7: 0 | P7: 0 | Q7: On-Premises Instance Management（启用标准吞吐量API交互）； Parameter Store（标准实例套餐） | R7: 0 | S7: 1 | T7: 0 | U7: 0
A8: Server | B8: Nginx（c7i.large|2v|4G|128G） | C8: 64.45 | D8: 2 | E8: =C8*D8 -> 128.9 | F8: =E8*12 -> 1546.8 | G8: Nginx（c7i.large|2v|4G|128G） | H8: 64.45 | I8: 2 | J8: =H8*I8 -> 128.9 | K8: =J8*12 -> 1546.8 | L8: Nginx（c7i.large|2v|4G|128G） | M8: 64.45 | N8: 2 | O8: =M8*N8 -> 128.9 | P8: =O8*12 -> 1546.8 | Q8: Nginx（c7i.large|2v|4G|128G） | R8: 64.45 | S8: 2 | T8: =R8*S8 -> 128.9 | U8: =T8*12 -> 1546.8
B9: AD（c7i.large|2v|4G|200G） | C9: 152.07 | D9: 2 | E9: =C9*D9 -> 304.14 | F9: =E9*12 -> 3649.68 | G9: AD（c7i.large|2v|4G|200G） | H9: 152.07 | I9: 2 | J9: =H9*I9 -> 304.14 | K9: =J9*12 -> 3649.68 | L9: AD（c7i.large|2v|4G|200G） | M9: 152.07 | N9: 2 | O9: =M9*N9 -> 304.14 | P9: =O9*12 -> 3649.68 | Q9: AD（c7i.large|2v|4G|200G） | R9: 152.07 | S9: 2 | T9: =R9*S9 -> 304.14 | U9: =T9*12 -> 3649.68
B10: Web Server（r7i.large|4v|32G|1T） | C10: 300.78 | D10: 2 | E10: =C10*D10 -> 601.56 | F10: =E10*12 -> 7218.72 | G10: Web Server（r7i.large|4v|32G|1T） | H10: 300.78 | I10: 2 | J10: =H10*I10 -> 601.56 | K10: =J10*12 -> 7218.72 | L10: Web Server（r7i.large|4v|32G|1T） | M10: 300.78 | N10: 2 | O10: =M10*N10 -> 601.56 | P10: =O10*12 -> 7218.72 | Q10: Web Server（r7i.large|4v|32G|1T） | R10: 300.78 | S10: 2 | T10: =R10*S10 -> 601.56 | U10: =T10*12 -> 7218.72
B11: RDS with SQL Server（db.m5.2xlarge|8v|32G|1T|4000IOPS|Always On|SQL2022标准版） | C11: 5380.56 | D11: 1 | E11: =C11*D11 -> 5380.56 | F11: =E11*12 -> 64566.72 | G11: RDS with SQL Server（db.m5.xlarge|4v|16G|200GB|1000IOPS|Always On|SQL2022标准版） | H11: 2311.9 | I11: 4 | J11: =H11*I11 -> 9247.6 | K11: =J11*12 -> 110971.2 | L11: MS SQL Server（r7i.2xlarge|8v|64G|1T） | M11: 672.92 | N11: 1 | O11: =M11*N11 -> 672.92 | P11: =O11*12 -> 8075.04 | Q11: MS SQL Server（r7i.2xlarge|8v|64G|1T|包含SQL2022标准版许可） | R11: 1373.72 | S11: 1 | T11: =R11*S11 -> 1373.72 | U11: =T11*12 -> 16484.64
B12: Job Server（m7i.large|4v|16G|256G） | C12: 174.24 | D12: 1 | E12: =C12*D12 -> 174.24 | F12: =E12*12 -> 2090.88 | G12: Job Server（m7i.large|4v|16G|256G） | H12: 174.24 | I12: 1 | J12: =H12*I12 -> 174.24 | K12: =J12*12 -> 2090.88 | L12: Job Server（m7i.large|4v|16G|256G） | M12: 174.24 | N12: 1 | O12: =M12*N12 -> 174.24 | P12: =O12*12 -> 2090.88 | Q12: Job Server（m7i.large|4v|16G|256G） | R12: 174.24 | S12: 1 | T12: =R12*S12 -> 174.24 | U12: =T12*12 -> 2090.88
B13: Redis（m5.large|2v|6.38G|） | C13: 92.04 | D13: 1 | E13: =C13*D13 -> 92.04 | F13: =E13*12 -> 1104.48 | G13: Redis（m5.large|2v|6.38G|） | H13: 92.04 | I13: 1 | J13: =H13*I13 -> 92.04 | K13: =J13*12 -> 1104.48 | L13: Redis（m5.large|2v|6.38G|） | M13: 92.04 | N13: 1 | O13: =M13*N13 -> 92.04 | P13: =O13*12 -> 1104.48 | Q13: Redis（m5.large|2v|6.38G|） | R13: 92.04 | S13: 1 | T13: =R13*S13 -> 92.04 | U13: =T13*12 -> 1104.48
B14: CloudWatch | C14: 0.3 | D14: 56 | E14: =C14*D14 -> 16.8 | F14: =E14*12 -> 201.6 | G14: CloudWatch | H14: 0.3 | I14: 77 | J14: 23.1 | K14: =J14*12 -> 277.2 | L14: CloudWatch | M14: 0.3 | N14: 56 | O14: =M14*N14 -> 16.8 | P14: =O14*12 -> 201.6 | Q14: CloudWatch | R14: 0.3 | S14: 56 | T14: =R14*S14 -> 16.8 | U14: 201.6
A15: Other | E15: 0 | F15: 0 | J15: 0 | K15: 0 | L15: License ：SQL Server 2022 standard （one time cost） | M15: 19026 | N15: 1 | O15: 19026 | P15: 19026 | T15: 0 | U15: 0
B16: System Domain Name & SSL | C16: 495.64 | D16: 3 | E16: 1486.92 | F16: 4460.76 | G16: System Domain Name & SSL | H16: 495.64 | I16: 3 | J16: 1486.92 | K16: 4460.76 | L16: System Domain Name & SSL | M16: 495.64 | N16: 3 | O16: 1486.92 | P16: 4460.76 | Q16: System Domain Name & SSL | R16: 495.64 | S16: 3 | T16: 1486.92 | U16: 4460.76
B17: Short link Domain Name & Email | C17: 826.68 | D17: 1 | E17: 826.68 | F17: 826.68 | G17: Short link Domain Name & Email | H17: 826.68 | I17: 1 | J17: 826.68 | K17: 826.68 | L17: Short link Domain Name & Email | M17: 826.68 | N17: 1 | O17: 826.68 | P17: 826.68 | Q17: Short link Domain Name & Email | R17: 826.68 | S17: 1 | T17: 826.68 | U17: 826.68
B18: Initiation Training traffic | C18: 154.54893 | D18: 1 | E18: 154.54893 | F18: 154.54893 | G18: Initiation Training traffic | H18: 154.54893 | I18: 1 | J18: 154.54893 | K18: 154.54893 | L18: Initiation Training traffic | M18: 154.54893 | N18: 1 | O18: 154.54893 | P18: 154.54893 | Q18: Initiation Training traffic | R18: 154.54893 | S18: 1 | T18: 154.54893 | U18: 154.54893
A19: IR | E19: TTL | F19: =SUM(F3:F18) -> 100555.55 | J19: TTL | K19: =SUM(K3:K18) -> 147035.63 | O19: TTL | P19: =SUM(P3:P18) -> 63089.866 | T19: TTL | U19: =SUM(U3:U18) -> 52473.466
E20: DB | F20: =F11 -> 64566.72 | J20: DB | K20: =K11 -> 110971.2 | O20: DB | P20: =P11 -> 8075.04 | T20: DB | U20: =U11 -> 16484.64
E21: TTL without DB | F21: =F19-F11 -> 35988.826 | J21: TTL without DB | K21: =K19-K11 -> 36064.426 | O21: TTL without DB | P21: =P19-P11 -> 55014.826 | T21: TTL without DB | U21: =U19-U11 -> 35988.826
A22: IR - 2nd year | E22: TTL | F22: =F19-F15-F18 -> 100401 | J22: TTL | K22: =K19-K15-K18 -> 146881.08 | O22: TTL | P22: =P19-P15-P18 -> 43909.317 | T22: TTL | U22: =U19-U15-U18 -> 52318.917
E23: DB | F23: =F11 -> 64566.72 | J23: DB | K23: =K11 -> 110971.2 | O23: DB | P23: =P11 -> 8075.04 | T23: DB | U23: =U11 -> 16484.64
E24: TTL without DB | F24: =F22-F23 -> 35834.277 | J24: TTL without DB | K24: =K22-K23 -> 35909.877 | O24: TTL without DB | P24: =P22-P23 -> 35834.277 | T24: TTL without DB | U24: =U22-U23 -> 35834.277
